Order,Artist(s),Album,Type,Release Date,Cover Art,Popularity,Acousticness,Danceability,Energy,Instrumentalness,Liveness,Loudness,Speechiness,Tempo,Valence
1,Flo Milli,"Ho, why is you here ?",album,2020-07-24,https://i.scdn.co/image/ab67616d0000b2733ae4c6b039dd0433a53631bb,66,0.18223,0.86442,0.72533,0.00022,0.14256,-4.69817,0.25922,121.30158,0.73292
2,Little Brother,May the Lord Watch,album,2019-08-20,https://i.scdn.co/image/ab67616d0000b27352bff97a1f348251c99f9245,37,0.39056,0.6504,0.62713,0.00021,0.29367,-8.0742,0.40847,111.5414,0.6614
3,JPEGMAFIA,LP!,album,2021-10-22,https://i.scdn.co/image/ab67616d0000b2736e57be9031cc8bc46fb17fee,64,0.20492,0.64022,0.80456,0.00519,0.39857,-3.48978,0.21492,127.19489,0.50128
4,Japanese Breakfast,Jubilee,album,2021-06-04,https://i.scdn.co/image/ab67616d0000b273b103a69ed742a7735a2ba7e8,65,0.0668,0.5287,0.6383,0.03234,0.16999,-7.0073,0.03264,126.1371,0.401
5,Mac Miller,Circles,album,2020-01-17,https://i.scdn.co/image/ab67616d0000b27326b7dd89810cc1a40ada642c,79,0.47043,0.74325,0.36838,0.03796,0.12586,-11.22483,0.12738,115.09933,0.34472
6,Young Thug,Barter 6,album,2015-04-16,https://i.scdn.co/image/ab67616d0000b27388053a98d0abb8ed3a02efe1,64,0.13036,0.71385,0.54954,0.0,0.17894,-6.66077,0.34723,119.73315,0.38546
7,The Weeknd,Dawn FM,album,2022-01-06,https://i.scdn.co/image/ab67616d0000b2734ab2520c2c77a1d66b9ee21d,87,0.26432,0.58994,0.655,0.01245,0.23527,-7.08087,0.08169,116.01987,0.46273
8,42 Dugg,Young and Turnt,album,2019-03-15,https://i.scdn.co/image/ab67616d0000b273ccdf1eb643b4f7c57fc6fd77,57,0.11648,0.71158,0.71883,0.00104,0.18775,-5.65342,0.23803,119.24792,0.32258
9,Childish Gambino,"""Awaken, My Love!""",album,2016-12-02,https://i.scdn.co/image/ab67616d0000b273f78c98bbf2b3c9e2a764203e,18,0.30284,0.60264,0.47309,0.1401,0.18215,-10.84664,0.11067,127.01627,0.48594
10,The Front Bottoms,Talon Of The Hawk,album,2013-05-21,https://i.scdn.co/image/ab67616d0000b273a4eafa42c62543f48ddfc60c,4,0.04073,0.38783,0.89458,1e-05,0.18277,-5.76025,0.06392,143.46483,0.6435
11,underscores,fishmonger,album,2021-03-25,https://i.scdn.co/image/ab67616d0000b273dbe494d0433fb6ddd7387b81,52,0.47666,0.5687,0.5394,0.06915,0.3127,-7.3184,0.09937,129.1624,0.5152
12,Godly the Ruler,Work in Progress,single,2021-01-29,https://i.scdn.co/image/ab67616d0000b273afccd7f1d0a0369c15134d7b,3,0.3675,0.79425,0.717,4e-05,0.1985,-9.9815,0.29725,131.73375,0.8425
13,Faye Webster,I Know I'm Funny haha,album,2021-06-25,https://i.scdn.co/image/ab67616d0000b273c699d66824a938624c44c2b7,65,0.32226,0.61845,0.3103,0.15636,0.13655,-11.68736,0.03297,103.31191,0.38191
14,Cordae,From a Birds Eye View,album,2022-01-14,https://i.scdn.co/image/ab67616d0000b2731dc2c95232e77b22c32e5985,67,0.29361,0.69692,0.62362,2e-05,0.19615,-7.11915,0.35223,107.74315,0.49877
15,Earl Sweatshirt,SICK!,album,2022-01-14,https://i.scdn.co/image/ab67616d0000b27337834cc82e604d7c124bb951,59,0.21327,0.6105,0.659,3e-05,0.2951,-6.2396,0.21824,117.7407,0.3983
16,Mach-Hommy,Pray For Haiti,album,2021-05-21,https://i.scdn.co/image/ab67616d0000b273c43b3a9459cadcf6f68867cd,61,0.59719,0.49869,0.608,0.1018,0.25444,-10.51713,0.27426,107.34437,0.51947
17,Don Toliver,Heaven Or Hell (CHOPNOTSLOP REMIX),album,2020-04-17,https://i.scdn.co/image/ab67616d0000b2737978515522c548461e16cc61,47,0.35195,0.65458,0.56758,0.00033,0.33675,-7.28075,0.09962,123.78375,0.35008
18,WILLOW,lately I feel EVERYTHING,album,2021-07-16,https://i.scdn.co/image/ab67616d0000b27302b0ac4db2fd46d936e748cd,61,0.0199,0.44718,0.79764,0.01996,0.21243,-6.241,0.08208,136.43973,0.43364
19,Future,Future Hndrxx Presents: The WIZRD,album,2019-01-18,https://i.scdn.co/image/ab67616d0000b273e111437ad4fd3f50c8461ec5,68,0.08116,0.76475,0.6276,0.00268,0.21406,-5.8293,0.21663,139.50685,0.35206
20,King Cuerno,Sons of Cuerno,single,2021-12-02,https://i.scdn.co/image/ab67616d0000b273be73aea86bf3296a9e447cb9,0,0.0066,0.2724,0.6898,0.0007,0.16304,-10.0374,0.07532,123.7044,0.4438
21,Fiona Apple,Fetch The Bolt Cutters,album,2020-04-17,https://i.scdn.co/image/ab67616d0000b273841292c1316c4bf85447bcd9,62,0.47092,0.53177,0.57077,0.00333,0.17059,-8.73615,0.19904,125.94746,0.51692
22,Hozier,Hozier,album,2014-10-07,https://i.scdn.co/image/ab67616d0000b27323bde4e85a5ca2e34b78f57b,66,0.49568,0.51492,0.46777,0.02924,0.1343,-7.90992,0.03857,110.33485,0.331
23,Ecco2k,E,album,2019-11-27,https://i.scdn.co/image/ab67616d0000b273d10fd2514a37d436538a74be,0,0.53511,0.55255,0.54027,0.19926,0.12945,-8.41591,0.06912,118.07127,0.45445
24,Snail Mail,Lush,album,2018-06-08,https://i.scdn.co/image/ab67616d0000b273d6c9b06173aa0faf1edbae66,58,0.28611,0.4826,0.518,0.14997,0.1027,-7.3811,0.02977,114.2139,0.26014
25,Jazmine Sullivan,Heaux Tales,album,2021-01-08,https://i.scdn.co/image/ab67616d0000b2737955a7d9d5998317da3fbb04,61,0.47278,0.58379,0.47893,1e-05,0.24387,-8.52421,0.25987,130.02936,0.49579
26,Maggie Rogers,Heard It In A Past Life,album,2019-01-18,https://i.scdn.co/image/ab67616d0000b273d658a02ba8931985bdc4e0da,72,0.29307,0.5995,0.56617,0.00123,0.20908,-6.91958,0.07152,122.17867,0.41383
27,Saba,CARE FOR ME,album,2018-04-05,https://i.scdn.co/image/ab67616d0000b2734bb13f7847252cc829e05aa6,60,0.2918,0.6806,0.5361,0.00014,0.15887,-9.3846,0.30533,97.2393,0.44035
28,Lil Wayne,Tha Carter III,album,2008-06-10,https://i.scdn.co/image/ab67616d0000b27333ebdffaa447ff19ce9f24bb,73,0.0913,0.6805,0.57988,0.00043,0.25861,-8.25788,0.2254,125.08038,0.52738
29,Olivia Rodrigo,SOUR,album,2021-05-21,https://i.scdn.co/image/ab67616d0000b273a91c10fe9472d9bd89802e5a,93,0.57455,0.51191,0.42018,0.0,0.15465,-8.86109,0.08719,141.52091,0.31663
30,Modern Baseball,You're Gonna Miss It All,album,2014-02-11,https://i.scdn.co/image/ab67616d0000b27398890ab31b06f44bcc40db75,62,0.16138,0.50058,0.70383,0.0025,0.19645,-7.21358,0.07556,129.27617,0.46908
31,Babyface Ray,FACE,album,2022-01-28,https://i.scdn.co/image/ab67616d0000b273fdc8c103efef4832fd0a5187,56,0.22954,0.6779,0.6511,0.0,0.25756,-5.2994,0.29831,129.4022,0.43515
32,A$AP Rocky,AT.LONG.LAST.A$AP,album,2015-05-26,https://i.scdn.co/image/ab67616d0000b27381a6a2cafab2e7a4066b5eec,79,0.2082,0.57606,0.5935,0.1012,0.27157,-9.78178,0.20732,120.95122,0.30479
33,Zelooperz,Van Goghs Left Ear,album,2021-07-20,https://i.scdn.co/image/ab67616d0000b273723eafa7603e125a59a43dcd,41,0.25882,0.67932,0.56895,0.00711,0.21273,-8.04747,0.2431,135.75089,0.36165
34,Jadakiss,Kiss Of Death,album,2004-01-01,https://i.scdn.co/image/ab67616d0000b273dc1887f571315429ab82bd60,54,0.06692,0.70082,0.79471,0.0,0.21348,-4.79382,0.31494,120.67582,0.63688
35,2 Chainz,Dope Don't Sell Itself,album,2022-02-04,https://i.scdn.co/image/ab67616d0000b2736dd74b9195ed9621422a3085,55,0.16822,0.76525,0.6035,1e-05,0.25713,-5.96025,0.33633,128.57817,0.547
36,Saba,Few Good Things,album,2022-02-04,https://i.scdn.co/image/ab67616d0000b273aac20d5f8a96a41831a10c80,65,0.18091,0.71664,0.55729,0.00084,0.26714,-9.44314,0.203,117.17686,0.38477
37,Lucky Daye,Table For Two,album,2021-02-12,https://i.scdn.co/image/ab67616d0000b2731448c3a92e28193fcff2f32f,53,0.23511,0.61157,0.61986,0.0688,0.19184,-7.36429,0.26529,114.63114,0.58586
38,Mitski,Laurel Hell,album,2022-02-04,https://i.scdn.co/image/ab67616d0000b273d8041a531487d0e0e4cfb41f,69,0.281,0.46645,0.48936,0.10489,0.11357,-10.18409,0.03145,129.10982,0.35737
39,The Story So Far,What You Don't See,album,2013-03-26,https://i.scdn.co/image/ab67616d0000b2739550308c4fb2b3a8b2b6e612,60,0.00058,0.37536,0.97373,0.00016,0.24086,-3.46009,0.12102,152.70627,0.41373
40,Hot Mulligan,you'll be fine,album,2020-03-06,https://i.scdn.co/image/ab67616d0000b273c8828bc0210254a8ceea6737,0,0.00368,0.47736,0.91009,0.00037,0.16395,-3.91355,0.05512,140.26827,0.48145
41,Guapdad 4000,Dior Deposits,album,2019-10-25,https://i.scdn.co/image/ab67616d0000b273ba0b5e9f2f88262302c7b81a,0,0.30883,0.67008,0.59469,0.0,0.20882,-7.51915,0.28856,112.54385,0.43335
42,Brent Faiyaz,Fuck The World,album,2020-02-07,https://i.scdn.co/image/ab67616d0000b2736a463f436bbf07f3c9e8c62a,81,0.6137,0.5653,0.4057,0.00093,0.17219,-9.4416,0.09898,113.3466,0.36108
43,"Black Country, New Road",Ants From Up There,album,2022-02-04,https://i.scdn.co/image/ab67616d0000b273af2d88c14cb157d6b851dbb3,63,0.30009,0.3944,0.36942,0.20859,0.1389,-11.2252,0.03556,106.9802,0.25038
44,The 1975,"I like it when you sleep, for you are so beautiful yet so unaware of it",album,2016-02-26,https://i.scdn.co/image/ab67616d0000b273d3de03550f715df1ea7e0c08,71,0.33311,0.53588,0.61159,0.12475,0.18484,-7.76224,0.05334,107.78118,0.4231
45,Isaiah Rashad,The Sun's Tirade,album,2016-09-02,https://i.scdn.co/image/ab67616d0000b273fbdec8696ff05ae19265dfa0,68,0.19272,0.69624,0.60694,0.0171,0.37143,-9.00924,0.27714,117.14088,0.50523
46,Earl Sweatshirt,Some Rap Songs,album,2018-11-30,https://i.scdn.co/image/ab67616d0000b2732b688ab63b1a5f281cfdf451,67,0.29426,0.41593,0.74253,0.03891,0.47067,-4.07687,0.24175,103.02787,0.5894
47,Vince Staples,Vince Staples,album,2021-07-09,https://i.scdn.co/image/ab67616d0000b273ab1b13e7ec3ada8d31cdae8b,63,0.43017,0.7043,0.4585,0.02941,0.18227,-11.7442,0.25315,128.2779,0.5126
48,Mom Jeans.,Best Buds,album,2016-07-03,https://i.scdn.co/image/ab67616d0000b273fecc9c415baa03d82caf4677,62,0.11126,0.4768,0.60599,0.0086,0.1161,-10.0057,0.04844,135.2901,0.483
49,SOPHIE,OIL OF EVERY PEARL'S UN-INSIDES,album,2018-06-15,https://i.scdn.co/image/ab67616d0000b273fa3158c935aa3c01865f7150,53,0.15915,0.51144,0.43389,0.2311,0.22304,-9.57089,0.08183,119.52989,0.27023
50,Kanye West,The College Dropout,album,2004-02-10,https://i.scdn.co/image/ab67616d0000b27325b055377757b3cdd6f26b78,81,0.36617,0.57285,0.6067,0.0,0.31155,-7.4908,0.38415,110.8988,0.6751
51,Machine Girl,Wlfgrl,album,2014-02-17,https://i.scdn.co/image/ab67616d0000b273c5b1bba9b35324a557cc33bc,63,0.07634,0.47654,0.92754,0.52723,0.34009,-5.42215,0.25748,126.14692,0.40983
52,Chance the Rapper,Acid Rap,album,2013-04-30,https://i.scdn.co/image/ab67616d0000b273d95ab48a8a9de3c4a2cbfe80,69,0.18407,0.64557,0.50229,5e-05,0.29196,-9.93079,0.32486,112.82686,0.49157
53,Sada Baby,Bartier Bounty 3,album,2022-02-18,https://i.scdn.co/image/ab67616d0000b273ebb3ab25cb5aec94518797a2,25,0.0369,0.71995,0.6162,1e-05,0.15004,-9.1067,0.28445,114.48855,0.40774
54,Hobo Johnson,The Fall of Hobo Johnson,album,2019-09-13,https://i.scdn.co/image/ab67616d0000b2733bf723a8f9cb66971812f472,58,0.13489,0.58317,0.61675,0.00021,0.29196,-7.24317,0.37833,121.37642,0.5325
55,Yeat,2 Alivë,album,2022-02-18,https://i.scdn.co/image/ab67616d0000b27372b69f1f356613717909d6db,79,0.03405,0.73395,0.5772,0.00223,0.14074,-7.7764,0.16828,123.87695,0.27524
56,Phoebe Bridgers,Stranger in the Alps,album,2017-09-22,https://i.scdn.co/image/ab67616d0000b273bbc87dd5388d9a98e80650a4,0,0.918,0.46045,0.26255,0.11341,0.09973,-13.10864,0.04175,114.83655,0.27957
57,Drake,Views,album,2016-05-06,https://i.scdn.co/image/ab67616d0000b2739416ed64daf84936d89e671c,87,0.11878,0.67195,0.5232,0.00027,0.2078,-8.92755,0.15728,117.3834,0.27221
58,Emotional Oranges,The Juice: Vol. II,album,2019-11-08,https://i.scdn.co/image/ab67616d0000b273341a47b9de6f523f1969e9a2,63,0.17962,0.73525,0.60788,0.03367,0.1249,-7.02313,0.03541,108.14325,0.542
59,"Tyler, The Creator",CALL ME IF YOU GET LOST,album,2021-06-25,https://i.scdn.co/image/ab67616d0000b273696b4e67423edd64784bfbb4,82,0.26459,0.54719,0.69269,0.00047,0.41031,-6.19631,0.25576,118.80575,0.5475
60,Cochise,Pulp,single,2018-05-03,https://i.scdn.co/image/ab67616d0000b27392fdd8d5af46aedbe7b2eaca,40,0.16006,0.67063,0.63425,0.00347,0.39463,-9.0885,0.1828,138.33513,0.58163
61,The 1975,Notes On A Conditional Form,album,2020-05-22,https://i.scdn.co/image/ab67616d0000b2734400af0debecb047939c9254,71,0.31859,0.472,0.55728,0.19659,0.17702,-9.75636,0.05502,125.17973,0.30543
62,EARTHGANG,GHETTO GODS,album,2022-02-25,https://i.scdn.co/image/ab67616d0000b273bc068218b0bc65765722ddac,56,0.4003,0.69553,0.57524,0.0,0.24986,-8.61376,0.37708,108.93782,0.54641
63,Ella Mai,Ella Mai,album,2018-10-12,https://i.scdn.co/image/ab67616d0000b2737ce0faf0620ab9c1779e1fbf,74,0.34397,0.5648,0.54893,0.0,0.15789,-5.50713,0.1078,100.01693,0.31341
64,Hozier,"Wasteland, Baby!",album,2019-03-01,https://i.scdn.co/image/ab67616d0000b2735795e01c151ba5a8ce4bd295,76,0.24559,0.46143,0.58779,0.052,0.15234,-6.24086,0.05411,121.81464,0.38292
65,Neutral Milk Hotel,In the Aeroplane Over the Sea,album,1998-02-20,https://i.scdn.co/image/ab67616d0000b273589ce9a911c6e65b1f80c558,66,0.28202,0.25933,0.65082,0.26902,0.23918,-5.55691,0.05571,126.68964,0.22096
66,Conway the Machine,God Don't Make Mistakes,album,2022-02-25,https://i.scdn.co/image/ab67616d0000b273130fad2aec1c9c9763968d97,52,0.18009,0.59808,0.71425,0.0002,0.12301,-6.6355,0.25183,117.85075,0.52342
67,Drake,If You're Reading This It's Too Late,album,2015-02-12,https://i.scdn.co/image/ab67616d0000b2732090f4f6cc406e6d3c306733,79,0.26106,0.67859,0.518,4e-05,0.17833,-7.786,0.20882,114.13976,0.33935
68,MICHELLE,AFTER DINNER WE TALK DREAMS,album,2022-03-04,https://i.scdn.co/image/ab67616d0000b273569daae5f48de37e42abed06,52,0.32583,0.76207,0.60364,0.0178,0.18802,-6.2765,0.05818,105.56164,0.56629
69,Big Thief,Dragon New Warm Mountain I Believe In You,album,2022-02-11,https://i.scdn.co/image/ab67616d0000b27366f96f9905972982d2ab45d4,69,0.57332,0.52635,0.53235,0.11051,0.17206,-9.1117,0.06337,127.43325,0.5334
70,Lucky Daye,Candydrip,album,2022-03-10,https://i.scdn.co/image/ab67616d0000b2733edd56946cb788a4d7457a08,69,0.37165,0.60947,0.53724,0.04939,0.17466,-7.865,0.15978,107.66641,0.42565
71,Tierra Whack,Whack World,album,2018-05-30,https://i.scdn.co/image/ab67616d0000b273fb22c7162d3867dc3c2af466,66,0.57003,0.77333,0.43267,0.00179,0.12311,-8.33653,0.20573,127.2012,0.48473
72,Kanye West,Late Registration,album,2005-08-30,https://i.scdn.co/image/ab67616d0000b273428d2255141c2119409a31b2,79,0.15931,0.5934,0.64575,0.0023,0.18768,-7.653,0.34742,94.33595,0.51695
73,Mom Jeans.,Sweet Tooth,album,2022-02-25,https://i.scdn.co/image/ab67616d0000b2736453885de7085ee7848f6399,58,0.01936,0.51031,0.779,0.08196,0.22337,-6.184,0.0358,113.07731,0.54492
74,Flatbush Zombies,"now, more than ever",single,2020-06-05,https://i.scdn.co/image/ab67616d0000b273c6693ed06225ff8b3baecdfe,42,0.16867,0.61483,0.7175,6e-05,0.34483,-7.2535,0.29885,109.12533,0.47932
75,454,4 REAL,album,2021-03-16,https://i.scdn.co/image/ab67616d0000b2735fcd3de94484ee3fef3e82dc,44,0.16985,0.60517,0.627,0.00234,0.29212,-8.08592,0.21406,138.72942,0.45925
76,"Boldy James,Sterling Toles",Manger on McNichols,album,2020-07-22,https://i.scdn.co/image/ab67616d0000b2738cec7cdb9466a13036451f31,37,0.63527,0.43473,0.67891,1e-05,0.451,-7.667,0.16857,93.57409,0.63809
77,Charli XCX,CRASH,album,2022-03-18,https://i.scdn.co/image/ab67616d0000b273f629eb64fd8ef76a97b154f5,71,0.16698,0.7515,0.757,0.01628,0.14042,-4.97025,0.04278,116.69158,0.58216
78,Jean Dawson,Pixel Bath,album,2020-10-23,https://i.scdn.co/image/ab67616d0000b27314f9c74c7c7ab447ac1a9c34,53,0.12655,0.52877,0.84646,0.08775,0.35616,-4.47846,0.10805,116.81623,0.44402
79,"Bladee,Ecco2k",Crest,album,2022-03-18,https://i.scdn.co/image/ab67616d0000b2738504a0836dfaa61b28930505,60,0.35298,0.52633,0.58611,0.04919,0.16861,-8.40989,0.03524,120.63456,0.31444
80,Phoebe Bridgers,Punisher,album,2020-06-18,https://i.scdn.co/image/ab67616d0000b2733040ca980277cf1445934add,0,0.71971,0.41609,0.35695,0.12439,0.12996,-13.04091,0.0471,117.96555,0.28773
81,Jamila Woods,HEAVN,album,2017-08-16,https://i.scdn.co/image/ab67616d0000b273aa7e3764bc54c0894ba80fef,36,0.46872,0.64394,0.49288,0.02375,0.14999,-9.63906,0.19659,116.95219,0.44474
82,Young Thug,Slime Season 3,album,2016-03-25,https://i.scdn.co/image/ab67616d0000b273a875c3ec944b4f164ab5c350,65,0.05233,0.83237,0.56212,0.0,0.13501,-6.70275,0.14872,122.96337,0.30525
83,Her's,Songs of Her's,album,2017-05-12,https://i.scdn.co/image/ab67616d0000b273fc1bc1cf80c431c2bdbde601,72,0.22027,0.53538,0.70813,0.20243,0.1707,-5.52388,0.03535,115.21988,0.60388
84,midwxst,SUMMER03,single,2021-03-26,https://i.scdn.co/image/ab67616d0000b2731650f59bed16ee57c922e306,44,0.35511,0.55429,0.77143,0.0,0.31839,-5.407,0.11633,120.08443,0.70329
85,Kanye West,ye,album,2018-06-01,https://i.scdn.co/image/ab67616d0000b2730cd942c1a864afa4e92d04f2,80,0.30674,0.68586,0.50343,0.0,0.18596,-5.66829,0.31453,121.36271,0.28139
86,shya,Sewer//Slvt,album,2022-07-22,https://i.scdn.co/image/ab67616d0000b273f5d73c2b198ee6a3a9b8ccbe,0,0.13301,0.28599,0.85067,0.60581,0.36716,-7.28011,0.10963,125.57411,0.12793
87,Tierra Whack,Pop?,single,2021-12-09,https://i.scdn.co/image/ab67616d0000b273428cf32929fca54a8777e52d,38,0.5392,0.81867,0.63467,0.00011,0.11827,-6.116,0.064,95.82833,0.59767
88,Nigo,I Know NIGO!,album,2022-03-25,https://i.scdn.co/image/ab67616d0000b2733c5fdcf8a1ea2d226e277460,67,0.11523,0.70664,0.64945,0.00016,0.23084,-6.03218,0.15965,126.19055,0.43018
89,Terror Jr,Bop City,album,2016-10-21,https://i.scdn.co/image/ab67616d0000b2733e92cdee77fa595544125959,50,0.44675,0.67312,0.43175,0.01474,0.17314,-7.827,0.14246,105.8795,0.44275
90,Emotional Oranges,The Juice: Vol. I,album,2019-05-10,https://i.scdn.co/image/ab67616d0000b273dcb7411f4486a7be6882cbaf,55,0.12723,0.72788,0.57462,0.023,0.13419,-8.11825,0.06009,101.2685,0.4805
91,"Dreamville,J. Cole",D-Day: A Gangsta Grillz Mixtape,album,2022-03-31,https://i.scdn.co/image/ab67616d0000b273580d8d4b0061e5a244c86c77,68,0.23368,0.7168,0.63313,0.0,0.23589,-7.42247,0.3174,113.90813,0.58953
92,Denzel Curry,Melt My Eyez See Your Future,album,2022-03-25,https://i.scdn.co/image/ab67616d0000b2735b924aa009b61b6b9d831eec,72,0.27349,0.59321,0.6985,0.00069,0.29622,-7.88693,0.17112,118.7925,0.41086
93,Lorde,Solar Power,album,2021-08-20,https://i.scdn.co/image/ab67616d0000b27336615a0a60523dd62135ab3a,69,0.752,0.55075,0.33563,0.00168,0.17992,-12.20017,0.0649,99.61783,0.33818
94,Nao,And Then Life Was Beautiful,album,2021-09-24,https://i.scdn.co/image/ab67616d0000b273653f9f98b7e9a931d6ac5955,54,0.38573,0.548,0.58669,5e-05,0.12257,-6.91985,0.05527,105.66062,0.33338
95,Rex Orange County,WHO CARES?,album,2022-03-11,https://i.scdn.co/image/ab67616d0000b2735b656d32ea6b0b9c54c2d2e0,78,0.42012,0.68609,0.46427,0.00145,0.15129,-7.847,0.04633,118.80527,0.51345
96,Frank Ocean,Blonde,album,2016-08-20,https://i.scdn.co/image/ab67616d0000b273c5649add07ed3720be9d5526,89,0.71882,0.51506,0.39239,0.00188,0.20987,-11.10447,0.18818,109.64165,0.44346
97,50 Cent,Get Rich Or Die Tryin',album,2003-02-06,https://i.scdn.co/image/ab67616d0000b273f7f74100d5cc850e01172cbf,79,0.11894,0.7035,0.80233,0.00045,0.15079,-2.72161,0.29248,94.85483,0.67428
98,"42 Dugg,EST Gee",Last Ones Left,album,2022-04-08,https://i.scdn.co/image/ab67616d0000b2739a8572d2a9f3bdf89561f4fc,66,0.03367,0.69476,0.672,6e-05,0.19419,-6.44241,0.24204,118.66612,0.47788
99,Vince Staples,RAMONA PARK BROKE MY HEART,album,2022-04-08,https://i.scdn.co/image/ab67616d0000b2739fd6f55c35811d79d01f94ef,66,0.41999,0.70225,0.58719,0.0366,0.28465,-8.83869,0.20489,102.69756,0.511
100,BANKS,Serpentina,album,2022-04-08,https://i.scdn.co/image/ab67616d0000b27307bc42435df4facb4b844561,7,0.30644,0.53608,0.43152,0.00995,0.14938,-9.41231,0.10895,112.61185,0.27484
101,Dijon,Absolutely,album,2021-11-05,https://i.scdn.co/image/ab67616d0000b273a68442f97c3ad2dcba0beae6,66,0.59462,0.555,0.51192,0.02509,0.23169,-7.68742,0.06842,102.21308,0.50125
102,Fivio Foreign,B.I.B.L.E.,album,2022-04-08,https://i.scdn.co/image/ab67616d0000b273a46f8ecd34df3d45845a6c71,64,0.22677,0.64618,0.63935,0.0,0.21102,-7.12229,0.33553,131.05641,0.47419
103,Syd,Broken Hearts Club,album,2022-04-08,https://i.scdn.co/image/ab67616d0000b2735830ac641cfbbef9381ab0f8,54,0.32187,0.66585,0.42854,0.06224,0.14473,-8.90415,0.08353,109.85946,0.50045
104,Kilo Kish,AMERICAN GURL,album,2022-03-25,https://i.scdn.co/image/ab67616d0000b273814ff2f53547f2930b7cb7f6,52,0.07671,0.56021,0.72071,0.04,0.23104,-8.13043,0.08109,118.55157,0.34467
105,Ariana Grande,Sweetener,album,2018-08-17,https://i.scdn.co/image/ab67616d0000b273c3af0c2355c24ed7023cd394,82,0.22777,0.6872,0.552,1e-05,0.14294,-6.3936,0.06553,116.11567,0.46046
106,SEBii,VVYELLOW,album,2022-04-13,https://i.scdn.co/image/ab67616d0000b273df8601cbc8d4bd3a20b94e33,32,0.26383,0.70157,0.58371,6e-05,0.13117,-6.80386,0.0995,134.60629,0.67714
107,Beach Bunny,Blame Game,single,2021-01-15,https://i.scdn.co/image/ab67616d0000b273ede397d0d20c04eea8fff115,56,0.0491,0.5975,0.7765,0.00083,0.14672,-4.9415,0.0439,134.611,0.524
108,Various Artists,Fuck The World - ChopNotSlop,compilation,2020-02-28,https://i.scdn.co/image/ab67616d0000b273b8172fce8cfdc56f1e0233e7,36,0.5472,0.618,0.2598,0.00366,0.1923,-15.2732,0.17459,125.7575,0.4272
109,Kero Kero Bonito,Time 'n' Place,album,2018-10-01,https://i.scdn.co/image/ab67616d0000b2732432a36f607cad4f664d8c86,2,0.35749,0.57283,0.67825,0.07102,0.25023,-5.86142,0.06659,123.48875,0.42159
110,Omar Apollo,Ivory,album,2022-04-08,https://i.scdn.co/image/ab67616d0000b27390cf5d1ccfca2beb86149a19,77,0.48497,0.60813,0.36753,0.08992,0.17919,-11.07094,0.07147,124.48275,0.42938
111,"nothing,nowhere.",Trauma Factory,album,2021-02-19,https://i.scdn.co/image/ab67616d0000b2734514babd213d01633eb46d92,59,0.12212,0.59533,0.72967,0.0026,0.25414,-6.11167,0.08003,113.36093,0.40434
112,Pusha T,It's Almost Dry,album,2022-04-22,https://i.scdn.co/image/ab67616d0000b273e27dfef438562f2ecb98a642,69,0.19054,0.62325,0.76208,0.06451,0.22176,-4.23133,0.27145,111.28817,0.49039
113,"Tyler, The Creator",Cherry Bomb,album,2015-04-13,https://i.scdn.co/image/ab67616d0000b273e4bf0d3d9e0224a30ca5f665,72,0.06401,0.46577,0.73985,0.07432,0.32685,-5.54669,0.13878,109.49631,0.339
114,Kanye West,Graduation,album,2007-09-11,https://i.scdn.co/image/ab67616d0000b27326f7f19c7f0381e56156c94a,88,0.11667,0.57586,0.62293,4e-05,0.29923,-7.31271,0.18546,100.12929,0.51929
115,Tee Grizzley,The Smartest,album,2020-06-19,https://i.scdn.co/image/ab67616d0000b27392ef9f9e9d6c062260c40191,55,0.24487,0.78071,0.74029,0.00186,0.16886,-5.02418,0.28641,111.65547,0.48753
116,Future,High Off Life,album,2020-05-15,https://i.scdn.co/image/ab67616d0000b273935d8d5369bc55e74a39303e,75,0.11076,0.82652,0.56919,0.00011,0.1475,-7.65095,0.2827,126.7039,0.39457
117,Wu-Tang Clan,Enter The Wu-Tang (36 Chambers) [Expanded Edition],album,1993-11-09,https://i.scdn.co/image/ab67616d0000b2735901aaa980d3e714bf01171c,76,0.29822,0.80287,0.5136,0.00166,0.34208,-10.7514,0.415,101.47833,0.54653
118,Post Malone,beerbongs & bentleys,album,2018-04-27,https://i.scdn.co/image/ab67616d0000b273b1c4b76e23414c9f20242268,87,0.34767,0.65372,0.63172,0.03462,0.15216,-5.65056,0.07289,136.37078,0.34356
119,Future,I NEVER LIKED YOU,album,2022-04-29,https://i.scdn.co/image/ab67616d0000b27386badd635b69aea887862214,84,0.09594,0.74881,0.58906,3e-05,0.16491,-6.17544,0.24151,124.10819,0.33913
120,Rhye,Woman,album,2013-01-01,https://i.scdn.co/image/ab67616d0000b27305b6b2b5f66c4bcabca56729,24,0.7424,0.6196,0.4153,0.22206,0.16107,-11.7205,0.04082,104.9233,0.46379
121,Terror Jr,Bop City 2: TerroRising,album,2017-06-16,https://i.scdn.co/image/ab67616d0000b2737972223c82ae1938c8309cea,36,0.36682,0.72038,0.49615,0.00846,0.20802,-8.66292,0.08384,123.30154,0.38144
122,King Princess,Cheap Queen,album,2019-10-25,https://i.scdn.co/image/ab67616d0000b2734746c0bdc8a4d00019f8c8d4,55,0.46446,0.56215,0.60177,0.01106,0.14825,-6.11177,0.0847,124.77515,0.45569
123,KILLY,Surrender Your Soul,album,2018-03-06,https://i.scdn.co/image/ab67616d0000b2737f0bb63e21c5c86cef16aa19,54,0.23593,0.68809,0.50582,0.0004,0.09874,-8.51618,0.14031,139.54736,0.29221
124,Nas,Illmatic,album,1994-04-19,https://i.scdn.co/image/ab67616d0000b273045fc920ecf4f8094888ec26,75,0.13973,0.7131,0.7766,0.00431,0.206,-5.6282,0.2484,89.5589,0.624
125,Migos,Culture,album,2017-01-27,https://i.scdn.co/image/ab67616d0000b2736275aeac316378b0dd4f31fd,75,0.16883,0.82762,0.69746,0.0,0.16015,-5.00485,0.18355,133.07754,0.44338
126,Ella Mai,Heart On My Sleeve,album,2022-05-06,https://i.scdn.co/image/ab67616d0000b273e8986406dc339143b253b280,69,0.27669,0.60147,0.5656,0.00039,0.22413,-6.1052,0.15009,116.86453,0.33691
127,Jack Harlow,Come Home The Kids Miss You,album,2022-05-06,https://i.scdn.co/image/ab67616d0000b2738e55edb69ca44a25b52b17bb,81,0.16857,0.7856,0.5366,0.01186,0.17611,-7.42753,0.17772,111.47807,0.50267
128,Arctic Monkeys,AM,album,2013-09-09,https://i.scdn.co/image/ab67616d0000b2734ae1c4c5c45aabe565499163,93,0.13447,0.53767,0.63892,0.03729,0.16954,-7.09892,0.03952,112.97842,0.60183
129,Ms. Lauryn Hill,The Miseducation of Lauryn Hill,album,1998-08-25,https://i.scdn.co/image/ab67616d0000b273e08b1250db5f75643f1508c9,77,0.21771,0.61113,0.5945,0.00067,0.17749,-9.64806,0.24391,101.52881,0.65625
130,IDK,Simple.,album,2022-05-06,https://i.scdn.co/image/ab67616d0000b273e96fd4e6489a84143ef9f34a,51,0.21727,0.63025,0.74388,0.01251,0.47286,-7.93238,0.19156,96.1555,0.61913
131,Nardo Wick,Who is Nardo Wick?,album,2021-12-03,https://i.scdn.co/image/ab67616d0000b27304791a385c035c1642c80b8f,75,0.01492,0.70644,0.557,0.00072,0.20967,-8.23689,0.30101,135.63028,0.29816
132,Kendrick Lamar,To Pimp A Butterfly,album,2015-03-16,https://i.scdn.co/image/ab67616d0000b273cdb645498cd3d8a2db4d05e1,81,0.32289,0.59075,0.70763,1e-05,0.31842,-5.80206,0.29418,103.44456,0.48719
133,Kendrick Lamar,Mr. Morale & The Big Steppers,album,2022-05-13,https://i.scdn.co/image/ab67616d0000b273f30764d5fa1e439ad6a7742f,14,0.49778,0.629,0.564,0.00078,0.16059,-9.02067,0.24016,122.89961,0.51083
134,Tierra Whack,R&B?,single,2021-12-16,https://i.scdn.co/image/ab67616d0000b273cd6660cb55c09a195ed326ac,36,0.58967,0.73867,0.26967,0.0026,0.10433,-9.78833,0.336,115.88,0.42633
135,42 Dugg,Young & Turnt 2,album,2020-03-27,https://i.scdn.co/image/ab67616d0000b2730cd041fef7995e94b291b195,62,0.05272,0.76543,0.714,0.0,0.17356,-4.64857,0.28264,125.24643,0.46971
136,Soccer Mommy,color theory,album,2020-02-28,https://i.scdn.co/image/ab67616d0000b273c330e261afcd6e0ae256f3aa,56,0.54348,0.477,0.5483,0.03723,0.17452,-7.7373,0.03067,127.765,0.36386
137,Metallica,Ride The Lightning (Remastered),album,1984-07-27,https://i.scdn.co/image/ab67616d0000b273b09e5084136821bf64d327f4,58,0.00416,0.30412,0.94825,0.32995,0.12156,-6.26925,0.13004,127.23512,0.23375
138,redveil,learn 2 swim,album,2022-04-20,https://i.scdn.co/image/ab67616d0000b2732bdeda3cae04cb2e26b8ef63,65,0.23021,0.4565,0.81133,8e-05,0.26151,-6.46817,0.29717,106.03383,0.5105
139,Tee Grizzley,Half Tee Half Beast,album,2022-04-15,https://i.scdn.co/image/ab67616d0000b2732386654d45455e924670844a,53,0.09066,0.75994,0.67347,0.02054,0.19475,-6.25712,0.18436,126.47894,0.47506
140,Harry Styles,Harry's House,album,2022-05-20,https://i.scdn.co/image/ab67616d0000b2732e8ed79e177ff6011076f5f0,94,0.46823,0.62738,0.56138,0.02079,0.13572,-7.09508,0.05425,133.88738,0.59523
141,Noname,Telefone,album,2016-08-12,https://i.scdn.co/image/ab67616d0000b273e9ef4d0bab9c9bf9ef5d3f36,0,0.644,0.6205,0.5088,0.00222,0.11918,-9.694,0.3548,108.3774,0.629
142,Rachel Chinouriri,Four° In Winter,album,2021-04-23,https://i.scdn.co/image/ab67616d0000b273dde32b3110e4a353dfe5aaf1,36,0.70975,0.59737,0.3615,0.00831,0.16814,-10.97963,0.07759,114.02475,0.3254
143,Ravyn Lenae,HYPNOS,album,2022-05-20,https://i.scdn.co/image/ab67616d0000b273a2a1ffef42c5c2ba1eb8c9a5,60,0.51765,0.48931,0.52619,0.0922,0.20359,-8.435,0.07044,114.65994,0.43769
144,Mindchatter,DREAM SOUP,album,2022-04-08,https://i.scdn.co/image/ab67616d0000b27391d9e4a296dee3a8179ea7ea,54,0.36514,0.76754,0.40315,0.4169,0.10618,-13.75646,0.09941,117.74862,0.38592
145,Icewear Vezzo,Rich Off Pints 2,album,2021-09-29,https://i.scdn.co/image/ab67616d0000b27335154d180bb5b5174c3a30e8,58,0.04967,0.73564,0.57679,1e-05,0.13941,-8.22793,0.31529,123.88036,0.4165
146,Mort Garson,Mother Earth's Plantasia,album,2019-03-22,https://i.scdn.co/image/ab67616d0000b27319112975fac887f75c0b095b,56,0.37,0.3447,0.24121,0.63494,0.15677,-15.9626,0.03663,108.4087,0.26398
147,Solange,When I Get Home,album,2019-03-01,https://i.scdn.co/image/ab67616d0000b273b1150f77ae2fbf0d5b4715fc,67,0.57178,0.57727,0.42067,0.18309,0.18494,-9.0742,0.11629,106.149,0.3387
148,Terror Jr,Bop 3: The Girl Who Cried Purple,album,2017-09-29,https://i.scdn.co/image/ab67616d0000b273b70e67c24557c79f4c9649ce,29,0.3559,0.75629,0.45114,0.00035,0.16259,-7.05643,0.09267,108.84886,0.38686
149,Phoebe Bridgers,If We Make It Through December,single,2020-11-24,https://i.scdn.co/image/ab67616d0000b2737be9cb22a70ddaf9ef4b37e4,38,0.85325,0.3705,0.269,0.01039,0.11,-13.3545,0.03805,127.42375,0.313
150,ATEEZ,ZERO : FEVER Part.1,album,2020-07-29,https://i.scdn.co/image/ab67616d0000b2734afd9a5e31c4d8ccd90e340c,64,0.20264,0.64486,0.82457,0.0,0.22343,-4.379,0.23646,129.73286,0.63729
151,Anderson .Paak,Oxnard,album,2018-11-16,https://i.scdn.co/image/ab67616d0000b273524aa1b58c9b19480d8ee703,62,0.05492,0.69057,0.70986,3e-05,0.21238,-7.51257,0.21216,94.35729,0.545
152,Britney Spears,Oops!... I Did It Again,album,2000-05-16,https://i.scdn.co/image/ab67616d0000b2732aa20611c7fb964a74ab01a6,75,0.22032,0.733,0.71717,8e-05,0.35207,-5.99933,0.04437,107.71383,0.70142
153,Janelle Monáe,Dirty Computer,album,2018-04-27,https://i.scdn.co/image/ab67616d0000b2730a60fb0deda858270cca82ee,63,0.22542,0.63862,0.49108,0.00436,0.27303,-8.824,0.08286,109.08677,0.2975
154,Gorillaz,Plastic Beach,album,2010-03-03,https://i.scdn.co/image/ab67616d0000b273661d019f34569f79eae9e985,80,0.18928,0.57012,0.68425,0.15163,0.26578,-6.43456,0.07154,117.46544,0.52646
155,KAYTRANADA,99.9%,album,2016-05-06,https://i.scdn.co/image/ab67616d0000b2733016bbbbdf0825d3e4dc9aee,70,0.08491,0.7406,0.57267,0.2191,0.22411,-8.98453,0.22313,113.1412,0.37513
156,UMI,Forest in the City,album,2022-05-26,https://i.scdn.co/image/ab67616d0000b2733b289c8a149cc52b49d5dc78,63,0.512,0.5806,0.42433,0.05123,0.26155,-11.52787,0.10999,110.317,0.37145
157,Post Malone,Twelve Carat Toothache,album,2022-06-03,https://i.scdn.co/image/ab67616d0000b27334362676667a4322838ccc97,85,0.27901,0.55193,0.5425,0.00233,0.18897,-7.73421,0.05662,112.7705,0.31991
158,Dogleg,Melee,album,2020-03-13,https://i.scdn.co/image/ab67616d0000b273aaff5fcbf959ad29b6e576d9,39,0.00036,0.3657,0.9883,0.05484,0.2961,-4.4069,0.14854,123.1573,0.12627
159,Tanna Leone,Sleepy Soldier,album,2022-04-28,https://i.scdn.co/image/ab67616d0000b273912e10a13aabe6db89812bf7,0,0.23521,0.66943,0.48773,0.00709,0.17624,-8.78214,0.10846,128.49214,0.34059
160,Remi Wolf,Juno,album,2021-10-15,https://i.scdn.co/image/ab67616d0000b27316a6cb93e32bf2ae66b1f5b2,64,0.07807,0.69885,0.721,0.00836,0.08983,-5.54008,0.10853,123.40138,0.66546
161,J Dilla,Donuts,album,2006-02-07,https://i.scdn.co/image/ab67616d0000b27383bb78285449998bb974da45,67,0.22471,0.47983,0.68567,0.31052,0.3952,-7.73933,0.2952,129.97187,0.5317
162,"Payroll Giovanni,Peezy",Ghetto Rich Niggaz,album,2020-06-25,https://i.scdn.co/image/ab67616d0000b273dba51315ce5fbb396ad4b624,43,0.14241,0.7407,0.773,0.00358,0.2221,-5.7204,0.24352,103.8901,0.4749
163,Deante' Hitchcock,BETTER,album,2020-05-13,https://i.scdn.co/image/ab67616d0000b2734dd7b0b7e1eed6228bb611d8,47,0.4851,0.6555,0.7193,7e-05,0.22702,-4.8314,0.3645,110.0564,0.5824
164,COIN,Uncanny Valley,album,2022-03-25,https://i.scdn.co/image/ab67616d0000b273eeb50d89d4791cd5cddd8fb9,62,0.17828,0.63457,0.60664,0.02531,0.24539,-7.30371,0.04854,122.05393,0.55721
165,The Game,The R.E.D. Album,album,2011-01-01,https://i.scdn.co/image/ab67616d0000b2739694b30f3bf3eb96a95e18da,60,0.19589,0.52106,0.79639,0.0,0.30971,-4.67728,0.24294,121.58944,0.35248
166,SPELLLING,The Turning Wheel,album,2021-06-25,https://i.scdn.co/image/ab67616d0000b273d990653ea71f3ef4bf46d27b,45,0.47887,0.45267,0.38658,0.11967,0.17806,-11.75833,0.03508,114.33842,0.21237
167,BabyTron,Bin Reaper,album,2019-10-31,https://i.scdn.co/image/ab67616d0000b2732b347174b842252fcb314fe7,59,0.17855,0.72123,0.73438,0.0,0.16658,-7.59523,0.33623,111.94446,0.50992
168,22Gz,The Blixky Tape 2 (Deluxe),album,2022-02-22,https://i.scdn.co/image/ab67616d0000b273c02392cfb3a29a86a965b7d5,58,0.12603,0.81139,0.72213,3e-05,0.12682,-4.19239,0.3139,142.95143,0.43313
169,Drake,"Honestly, Nevermind",album,2022-06-17,https://i.scdn.co/image/ab67616d0000b2738dc0d801766a5aa6a33cbe37,85,0.37261,0.64364,0.50391,0.09296,0.10822,-11.29436,0.09531,123.3345,0.36029
170,Marian Hill,Sway,album,2015-02-17,https://i.scdn.co/image/ab67616d0000b2731784842155640874660c878b,53,0.35449,0.76229,0.39414,0.17542,0.10687,-10.16771,0.3092,124.05514,0.47929
171,Zack Fox,shut the fuck up talking to me,album,2021-10-15,https://i.scdn.co/image/ab67616d0000b273e407f7fa2f4562f27c414b78,55,0.16656,0.75344,0.66978,8e-05,0.22822,-7.32033,0.22044,117.31711,0.63578
172,Prince,Prince,album,1979-10-19,https://i.scdn.co/image/ab67616d0000b273d539ebc9ac4dc40946532580,53,0.18642,0.731,0.39333,0.08462,0.13282,-13.78,0.04578,100.65611,0.5169
173,2 Chainz,Pretty Girls Like Trap Music,album,2017-06-16,https://i.scdn.co/image/ab67616d0000b273c0c05243a846dda6c84607f9,68,0.16379,0.76419,0.66325,0.00405,0.23685,-4.7555,0.24813,123.55219,0.31975
174,"Tyler, The Creator",Flower Boy,album,2017-07-21,https://i.scdn.co/image/ab67616d0000b2738940ac99f49e44f59e6f7fb3,88,0.36254,0.56543,0.56429,0.06193,0.28386,-9.0015,0.23239,99.24543,0.38
175,Ambré,3000°,album,2022-06-17,https://i.scdn.co/image/ab67616d0000b27353ccc4159b68ce20e5532128,61,0.48946,0.60162,0.49825,0.01302,0.29037,-10.40925,0.20517,115.444,0.442
176,Duke Deuce,CRUNKSTAR,album,2022-06-17,https://i.scdn.co/image/ab67616d0000b273622d787ea7ba512e18cb802f,45,0.02346,0.73306,0.62075,0.00012,0.22317,-7.56506,0.12487,133.35619,0.31584
177,Turnstile,GLOW ON,album,2021-08-27,https://i.scdn.co/image/ab67616d0000b273a4499cf37a6fe4ff043dc9f2,68,0.06544,0.4906,0.8142,0.22139,0.23909,-6.77147,0.05879,124.5704,0.46615
178,Soccer Mommy,"Sometimes, Forever",album,2022-06-24,https://i.scdn.co/image/ab67616d0000b273af4f070d3683d9b5027059ab,51,0.2123,0.48336,0.62855,0.3231,0.27608,-6.946,0.03511,106.20591,0.45273
179,Kash Doll,Brat Mail (Mixtape),album,2018-03-14,https://i.scdn.co/image/ab67616d0000b273206b2047066aab0ce0119f2b,28,0.1376,0.73278,0.46689,0.04644,0.1576,-12.81744,0.30931,108.49067,0.44311
180,Lucy Dacus,2019,single,2019-11-08,https://i.scdn.co/image/ab67616d0000b27374e339744042dd1bd05fdc1a,31,0.37883,0.53529,0.5,0.13024,0.20057,-12.68586,0.07979,127.36029,0.35357
181,Dojo Security,A Little Security,single,2021-03-02,https://i.scdn.co/image/ab67616d0000b2737c122320f8f7b4747f05fa10,1,9e-05,0.44225,0.8735,0.41874,0.30033,-8.05575,0.04445,148.987,0.4435
182,"Beast Coast,Joey Bada$$,Flatbush Zombies",Escape From New York,album,2019-05-24,https://i.scdn.co/image/ab67616d0000b2738f14916deb5ec438bd130144,56,0.07072,0.70215,0.69938,1e-05,0.19608,-6.94877,0.2263,116.54854,0.44246
183,WESTSIDE BOOGIE,MORE BLACK SUPERHEROES,album,2022-06-17,https://i.scdn.co/image/ab67616d0000b273c44272e5ff22c0b5256a1f83,60,0.23538,0.64625,0.56442,0.00026,0.19699,-7.7805,0.30145,109.57342,0.41183
184,Chance the Rapper,Wala Cam,single,2018-07-17,https://i.scdn.co/image/ab67616d0000b273fe96d9b8876b16e775da2199,34,0.034,0.846,0.809,0.0,0.151,-3.619,0.287,85.011,0.267
185,Rezz,Spiral,album,2022-01-07,https://i.scdn.co/image/ab67616d0000b273e7879474496711f094ae2d34,58,0.05799,0.62,0.72808,0.47584,0.17129,-6.39783,0.0521,134.15183,0.22538
186,Coast Contra,Apt. 505,album,2022-03-24,https://i.scdn.co/image/ab67616d0000b273de8e763df1c3c6475a4b500f,53,0.18337,0.72659,0.673,0.00079,0.20596,-7.00135,0.44141,115.12041,0.56532
187,Avril Lavigne,Let Go,album,2002-06-04,https://i.scdn.co/image/ab67616d0000b273f7ec724fbf97a30869d06240,79,0.01582,0.54577,0.77454,0.0022,0.18474,-5.83323,0.04467,121.79362,0.52431
188,Melt,West Side Highway,single,2021-02-19,https://i.scdn.co/image/ab67616d0000b27321a1082be1b445117b0febca,29,0.61317,0.54383,0.3915,0.00035,0.10755,-9.2135,0.03932,130.47983,0.3055
189,Brent Faiyaz,WASTELAND,album,2022-07-08,https://i.scdn.co/image/ab67616d0000b27353aa764ce919d8aea07947b4,85,0.4697,0.54268,0.40326,0.0313,0.14936,-11.15726,0.16881,115.25453,0.37245
190,Nia Sultana,Bigger Dreams,single,2022-06-02,https://i.scdn.co/image/ab67616d0000b273a34e71e73e9edf9b9730ab64,48,0.2993,0.58757,0.55,0.00024,0.13374,-7.97171,0.24313,89.18357,0.43271
191,YOASOBI,THE BOOK,album,2021-01-06,https://i.scdn.co/image/ab67616d0000b273684d81c9356531f2a456b1c1,78,0.15374,0.65978,0.78244,0.17844,0.30367,-5.85044,0.0367,124.00778,0.75344
192,Lupe Fiasco,DRILL MUSIC IN ZION,album,2022-06-24,https://i.scdn.co/image/ab67616d0000b273494d84adfd2b985cbeb202a4,53,0.4911,0.6259,0.6402,0.00735,0.1865,-7.9032,0.2801,111.6526,0.3862
193,100 gecs,1000 gecs,album,2019-05-31,https://i.scdn.co/image/ab67616d0000b2734123c0f9b6689205d20f350f,66,0.1387,0.586,0.5869,0.00245,0.34815,-7.0683,0.23546,121.0968,0.5787
194,"Rico Nasty,Kenny Beats",Anger Management,album,2019-04-25,https://i.scdn.co/image/ab67616d0000b273ea2f8f07a050f8dc9ff93de0,47,0.19927,0.74744,0.73567,0.0,0.2178,-6.09133,0.42089,122.39511,0.70978
195,Wet Leg,Wet Leg,album,2022-04-08,https://i.scdn.co/image/ab67616d0000b273ea1126a33b0fb88e79915262,72,0.00943,0.58575,0.72225,0.14995,0.23784,-5.59517,0.04472,133.67658,0.56933
196,Steve Lacy,Gemini Rights,album,2022-07-15,https://i.scdn.co/image/ab67616d0000b27368968350c2550e36d96344ee,82,0.44272,0.5538,0.4768,0.23392,0.25096,-8.3328,0.03473,105.0932,0.488
197,"Terrace Martin,Robert Glasper,9th Wonder",Dinner Party,album,2020-07-10,https://i.scdn.co/image/ab67616d0000b2735557786a9c1b65b81c018551,60,0.12636,0.63586,0.63343,0.23919,0.13704,-7.00529,0.09767,101.11343,0.44943
198,Lizzo,Special,album,2022-07-15,https://i.scdn.co/image/ab67616d0000b273fe3b1b9cb7183a94e1aafd43,80,0.10987,0.693,0.67242,0.0,0.21762,-5.5375,0.07829,116.02492,0.6585
199,Benny The Butcher,Burden of Proof,album,2020-10-16,https://i.scdn.co/image/ab67616d0000b273329731739d6e673ba7b247da,60,0.19177,0.55317,0.835,0.0,0.23503,-3.68408,0.41008,125.14883,0.601
200,D'Angelo,Black Messiah,album,2014-12-15,https://i.scdn.co/image/ab67616d0000b2735fb07fa92d5d658edadf053a,55,0.21965,0.71483,0.54283,0.13673,0.14818,-9.674,0.20412,98.11992,0.56517
201,Jail Socks,It's Not Forever,single,2019-09-27,https://i.scdn.co/image/ab67616d0000b273edf912d322965b4db479dc14,33,0.00023,0.35383,0.939,0.0321,0.287,-4.77683,0.07018,147.1195,0.45883
202,Kid Cudi,Man On The Moon II: The Legend Of Mr. Rager,album,2010-11-09,https://i.scdn.co/image/ab67616d0000b27359e842b6a3566a141f27f815,75,0.44235,0.66053,0.63347,0.33909,0.20341,-7.51759,0.07012,120.48947,0.51612
203,Emotional Oranges,The Juicebox,album,2021-06-11,https://i.scdn.co/image/ab67616d0000b2732003bcdae09401bf018407cb,55,0.2891,0.74887,0.5985,0.02019,0.10666,-7.5105,0.06941,99.90625,0.58362
204,midwxst,better luck next time.,single,2022-03-16,https://i.scdn.co/image/ab67616d0000b2730c9d9d22b83da08ec2d96e7f,49,0.23164,0.52389,0.68456,0.0,0.23778,-5.80589,0.09806,128.646,0.53044
205,Dayglow,Fuzzybrain,album,2019-11-14,https://i.scdn.co/image/ab67616d0000b273ccd63af052f7e438c05f6c94,11,0.16897,0.6139,0.605,0.20021,0.18455,-9.1944,0.04129,122.1114,0.6219
206,The Cool Kids,BEFORE SHIT GOT WEIRD,album,2022-03-03,https://i.scdn.co/image/ab67616d0000b2734025fd50aa6214cb67cf504a,36,0.21667,0.69681,0.76762,0.00011,0.23663,-6.70224,0.31883,125.55838,0.53233
207,Mustafa,When Smoke Rises,album,2021-05-28,https://i.scdn.co/image/ab67616d0000b273d72697075184379305b75bb5,48,0.9195,0.52338,0.23014,0.00668,0.158,-15.696,0.09295,123.51775,0.35796
208,The Weeknd,After Hours,album,2020-03-20,https://i.scdn.co/image/ab67616d0000b2738863bc11d2aa12b54f5aeb36,93,0.12229,0.50129,0.6405,0.01183,0.19356,-7.08593,0.06861,121.55293,0.25056
209,Flo Milli,"You Still Here, Ho ?",album,2022-07-20,https://i.scdn.co/image/ab67616d0000b27366a4bafe18cb6bdf4ecf3400,63,0.12488,0.90573,0.661,0.01026,0.11237,-6.10427,0.19237,128.9304,0.4836
210,Maggie Rogers,Surrender,album,2022-07-29,https://i.scdn.co/image/ab67616d0000b2730fdfb62956211c999c39a5a3,66,0.27073,0.50383,0.65692,0.05246,0.1586,-5.08208,0.04022,128.48917,0.2792
211,Rico Nasty,Las Ruinas,album,2022-07-22,https://i.scdn.co/image/ab67616d0000b273df9edb7f913cb49fd5abfbae,54,0.07565,0.61894,0.72388,0.04558,0.20126,-6.67794,0.13605,127.81812,0.3936
212,Joey Bada$$,2000,album,2022-07-22,https://i.scdn.co/image/ab67616d0000b273aacc3ddf3bfa01f4bd44cacc,70,0.18762,0.52207,0.77043,3e-05,0.19987,-5.7715,0.33357,124.73814,0.54079
213,Westside Gunn,Pray for Paris,album,2020-04-17,https://i.scdn.co/image/ab67616d0000b273a29bd588f4caf84bd4cd6f8b,63,0.46633,0.49267,0.67892,0.00025,0.37527,-6.76792,0.32639,103.8055,0.56042
214,black midi,Hellfire,album,2022-07-15,https://i.scdn.co/image/ab67616d0000b273079bc2bd9ea16956274efc24,55,0.29756,0.35156,0.81389,0.09222,0.35513,-4.46578,0.16951,117.75267,0.29482
215,SoFaygo,After Me,album,2020-12-17,https://i.scdn.co/image/ab67616d0000b273338d845a67c815d9843f39d1,59,0.17402,0.6385,0.63638,1e-05,0.19036,-8.99075,0.27074,128.73,0.39774
216,MF DOOM,MM...FOOD,album,2004-11-16,https://i.scdn.co/image/ab67616d0000b27352f194d02c39909d1b284799,78,0.26147,0.6036,0.75547,0.00037,0.45432,-6.96247,0.33,104.5468,0.753
217,midwxst,BACK IN ACTION 2.0,single,2021-12-15,https://i.scdn.co/image/ab67616d0000b273e89fbb655633212e92a86561,45,0.11339,0.59283,0.72567,0.0,0.23162,-5.86283,0.09944,136.30892,0.59808
218,Vince Staples,Big Fish Theory,album,2017-06-23,https://i.scdn.co/image/ab67616d0000b2737ba7b4d23c717f3211717946,60,0.1853,0.71533,0.60517,0.01307,0.19149,-8.12142,0.17146,115.4215,0.34566
219,beabadoobee,Beatopia,album,2022-07-15,https://i.scdn.co/image/ab67616d0000b273384d10f967c2b914de7e2713,77,0.38111,0.51464,0.60364,0.17154,0.1623,-8.04893,0.03661,121.51043,0.40035
220,Mac Miller,Watching Movies with the Sound Off (Deluxe Edition),album,2013-06-18,https://i.scdn.co/image/ab67616d0000b273d4300bedba646965fa7e1953,63,0.27421,0.54937,0.70716,0.00011,0.28226,-6.57237,0.25245,123.87763,0.38816
221,Bobby Shmurda,Bodboy,album,2022-08-05,https://i.scdn.co/image/ab67616d0000b2735d71d24290ccc6bc9063bb8d,37,0.06878,0.73678,0.73933,0.0,0.2104,-6.38344,0.27889,132.21989,0.43307
222,JAY-Z,The Blueprint (Explicit Version),album,2001-09-11,https://i.scdn.co/image/ab67616d0000b2731b3f6f34954118500ed3e7a7,68,0.09922,0.66413,0.8284,0.00027,0.16266,-4.54893,0.32507,96.55153,0.67433
223,BAYNK,A STUDY IN MOVEMENT,single,2020-07-01,https://i.scdn.co/image/ab67616d0000b273ad0a65f52da600d0b5d73e81,21,0.4086,0.76,0.534,0.25115,0.21723,-9.2915,0.10088,120.363,0.23187
224,Death Cab for Cutie,Plans,album,2005-08-29,https://i.scdn.co/image/ab67616d0000b273c985bcc18dd81da80839e5a9,64,0.39812,0.52582,0.52782,0.08927,0.10499,-9.82155,0.03175,125.06145,0.36831
225,Megan Thee Stallion,Traumazine,album,2022-08-12,https://i.scdn.co/image/ab67616d0000b2731182d680c2894b4e0f39033e,75,0.10099,0.86156,0.70794,2e-05,0.13419,-5.26417,0.26397,130.34628,0.59794
226,The Front Bottoms,The Front Bottoms,album,2011-09-06,https://i.scdn.co/image/ab67616d0000b273bed701e3d0248841aaa3c06c,60,0.04864,0.59192,0.81008,0.00031,0.18702,-4.96892,0.05572,141.86933,0.59633
227,A$AP Mob,Cozy Tapes Vol. 2: Too Cozy,album,2017-08-25,https://i.scdn.co/image/ab67616d0000b2735522025c7f727c540839f7d5,66,0.3026,0.74318,0.62612,0.00205,0.20912,-6.95724,0.31048,118.15565,0.38064
228,Billie Eilish,dont smile at me,single,2017-12-22,https://i.scdn.co/image/ab67616d0000b273a9f6c04ba168640b48aa5795,85,0.57044,0.61444,0.37989,0.01213,0.16846,-10.01944,0.13127,126.35211,0.25804
229,Playboi Carti,Die Lit,album,2018-05-11,https://i.scdn.co/image/ab67616d0000b273a1e867d40e7bb29ced5c0194,84,0.08265,0.75968,0.656,1e-05,0.22135,-6.14516,0.17738,135.60784,0.41137
230,Spencer.,Want U Back EP,single,2018-09-28,https://i.scdn.co/image/ab67616d0000b273c8cbf60fd7682d2acb21faff,32,0.25338,0.57033,0.67133,0.00683,0.36667,-7.468,0.04387,132.763,0.48433
231,Topaz Jones,Don't Go Tellin' Your Momma,album,2021-04-23,https://i.scdn.co/image/ab67616d0000b273878c00e187d18c63267e0d37,51,0.33989,0.58631,0.75508,0.0,0.37446,-5.74162,0.30108,113.46046,0.61362
232,Sufjan Stevens,Carrie & Lowell,album,2015-03-31,https://i.scdn.co/image/ab67616d0000b273820e2ac14772ae3162c6d479,76,0.96682,0.46291,0.14574,0.19172,0.13518,-21.78773,0.04027,124.40845,0.29046
233,Kenny Mason,PUP PACK EP,single,2022-08-17,https://i.scdn.co/image/ab67616d0000b27345686e9f92fc613b5d0d178c,37,0.32567,0.72733,0.59167,0.00753,0.09977,-8.90833,0.24433,109.87333,0.502
234,Fireboy DML,Playboy,album,2022-08-04,https://i.scdn.co/image/ab67616d0000b273a15480eec7fa4085d83ddb2d,74,0.26216,0.72107,0.618,0.00187,0.10484,-6.19036,0.11294,145.83514,0.68021
235,Chief Keef,4NEM,album,2021-12-17,https://i.scdn.co/image/ab67616d0000b273db41eb0dcc452e8080559bc1,3,0.15211,0.55353,0.7512,0.00112,0.21895,-4.97073,0.13961,139.16267,0.35735
236,Dion Timmer,Enter Achroma,album,2020-03-27,https://i.scdn.co/image/ab67616d0000b273d20ce3ac3592efb421f0297c,34,0.0693,0.53029,0.93107,0.10658,0.43686,-1.46071,0.18021,129.68036,0.26871
237,Beyoncé,RENAISSANCE,album,2022-07-29,https://i.scdn.co/image/ab67616d0000b2730e58a0f8308c1ad403d105e7,88,0.063,0.7295,0.66575,0.00356,0.26079,-7.24894,0.13819,117.673,0.42966
238,Baird,"BIRDSONGS, Vol. 3",album,2022-03-25,https://i.scdn.co/image/ab67616d0000b2733d5e685a60c0d77ea57e35d5,48,0.30309,0.55057,0.64414,0.14882,0.12973,-8.83443,0.11019,115.22357,0.495
239,Steve Lacy,Steve Lacy's Demo,single,2017-02-24,https://i.scdn.co/image/ab67616d0000b273a31dd5d96b9df819e331fdcb,4,0.16738,0.67917,0.81333,0.06637,0.14913,-5.364,0.08373,127.2325,0.63817
240,Drego & Beno,Sorry We Was Trapping,album,2022-08-26,https://i.scdn.co/image/ab67616d0000b2735045ec15ce7a1195d8c46b75,50,0.03129,0.74367,0.67617,0.00358,0.18933,-9.13,0.21698,111.75142,0.32449
241,DJ Khaled,GOD DID,album,2022-08-26,https://i.scdn.co/image/ab67616d0000b273b1038aaf26f4c6daad614707,74,0.07263,0.59771,0.68047,0.0,0.27112,-5.36741,0.17758,123.53288,0.36099
242,Tierra Whack,Rap?,single,2021-12-02,https://i.scdn.co/image/ab67616d0000b273cc4a43dade24cdfbf776a40a,37,0.43333,0.787,0.51867,0.00087,0.20133,-7.95133,0.16217,100.01133,0.659
243,Nia Archives,Forbidden Feelingz,single,2022-03-10,https://i.scdn.co/image/ab67616d0000b27333ccb546bc77361ea5ba2431,42,0.168,0.53617,0.829,0.40867,0.17698,-7.35783,0.1538,156.27217,0.44383
244,JID,The Forever Story,album,2022-08-26,https://i.scdn.co/image/ab67616d0000b2736de37e432e720323f4e31edc,26,0.30128,0.62247,0.55713,0.0,0.18077,-8.4652,0.31833,111.9074,0.4802
245,Kenny Beats,LOUIE,album,2022-08-31,https://i.scdn.co/image/ab67616d0000b27363af9bcfdea6df60f73d2ade,66,0.24961,0.65794,0.63759,0.2909,0.38216,-8.15294,0.17686,125.40853,0.611
246,Moses Sumney,Aromanticism,album,2017-09-22,https://i.scdn.co/image/ab67616d0000b273478d01e5e5b78a6791036e5f,49,0.83591,0.34555,0.26385,0.07892,0.13791,-13.42464,0.04173,127.50455,0.14375
247,DOMi & JD BECK,NOT TiGHT,album,2022-07-29,https://i.scdn.co/image/ab67616d0000b2738569040f689c3249eeb04345,59,0.708,0.53867,0.61127,0.7888,0.12071,-11.7334,0.08997,131.30507,0.51141
248,Yeek,IDK WHERE,single,2019-05-10,https://i.scdn.co/image/ab67616d0000b273bf73f0ac1f71682725d4f61c,0,0.55367,0.74867,0.57033,0.00145,0.14065,-6.15583,0.06282,111.6655,0.54167
249,Yves Tumor,The Asymptotical World EP,single,2021-07-15,https://i.scdn.co/image/ab67616d0000b2733cb460f372c84a76dda0001d,15,0.00332,0.43833,0.87317,0.2312,0.36183,-5.26633,0.10648,125.21,0.4198
250,Lil Uzi Vert,RED & WHITE,single,2022-07-23,https://i.scdn.co/image/ab67616d0000b273ce343ef5dea57f5873e83cf3,64,0.12986,0.6902,0.5918,0.0,0.12004,-6.0104,0.14686,132.81,0.17238
251,The Garden,HORSESHIT ON ROUTE 66,album,2022-09-08,https://i.scdn.co/image/ab67616d0000b2737f3fa1e713d51cd0d529ade9,57,0.03328,0.44264,0.93991,0.23923,0.31355,-5.31491,0.16282,126.14936,0.45307
252,midwxst,BACK IN ACTION 3.0,single,2022-09-07,https://i.scdn.co/image/ab67616d0000b273e20032be410dd1dd2b1d2190,59,0.04549,0.56411,0.76589,0.0,0.31264,-4.608,0.09,123.71244,0.39578
253,Julia Jacklin,PRE PLEASURE,album,2022-08-26,https://i.scdn.co/image/ab67616d0000b2732b7f7be7354d5478919f715c,4,0.58967,0.532,0.38102,0.00988,0.12438,-11.1433,0.03492,109.1986,0.42351
254,Ari Lennox,age/sex/location,album,2022-09-09,https://i.scdn.co/image/ab67616d0000b273ad2581186f60e949860d0d84,63,0.36455,0.65492,0.45092,0.01385,0.17802,-8.88508,0.10687,120.18183,0.42542
255,Oasis,(What's The Story) Morning Glory?,album,1995-10-02,https://i.scdn.co/image/ab67616d0000b2732f2eeee9b405f4d00428d84c,71,0.12415,0.31292,0.90325,0.15585,0.31998,-4.12208,0.06662,144.24183,0.23067
256,Ariana Grande,Positions,album,2020-10-30,https://i.scdn.co/image/ab67616d0000b2735ef878a782c987d38d82b605,84,0.27054,0.65864,0.57864,0.0,0.15069,-6.11671,0.09861,121.88879,0.44069
257,Buddy,Superghetto,album,2022-03-25,https://i.scdn.co/image/ab67616d0000b273e5fdc577cd4e93c2c78ad374,45,0.21312,0.7461,0.5852,0.00378,0.16647,-8.6597,0.16452,125.3985,0.57803
258,Drake,Take Care (Deluxe),album,2011-11-15,https://i.scdn.co/image/ab67616d0000b273c7ea04a9b455e3f68ef82550,84,0.29133,0.52774,0.48858,0.00013,0.24569,-10.91863,0.22959,138.22563,0.37247
259,Stella Donnelly,Flood,album,2022-08-26,https://i.scdn.co/image/ab67616d0000b273388a71c460ab3b2532bdf26c,37,0.59508,0.56036,0.34755,0.12166,0.12658,-13.76291,0.03441,122.78091,0.37294
260,BLACKPINK,BORN PINK,album,2022-09-16,https://i.scdn.co/image/ab67616d0000b2734aeaaeeb0755f1d8a8b51738,81,0.09565,0.72787,0.63938,0.0,0.20597,-6.02787,0.06554,122.5055,0.57812
261,EST Gee,I Never Felt Nun,album,2022-09-16,https://i.scdn.co/image/ab67616d0000b273a4147904b94983cec71e5ba6,67,0.06472,0.63395,0.69395,6e-05,0.19829,-7.27343,0.25995,136.28738,0.47281
262,"Symba,DJ Drama",Results Take Time,album,2022-09-16,https://i.scdn.co/image/ab67616d0000b273e41a871af9b6b1be6bebbf31,48,0.21307,0.6515,0.65163,0.0,0.21776,-5.49456,0.28157,100.93169,0.39961
263,Sky Ferreira,"Night Time, My Time",album,2013-01-01,https://i.scdn.co/image/ab67616d0000b27306b4e064a2b9849047f3a807,50,0.05646,0.45983,0.84092,0.09531,0.3507,-4.86133,0.04585,123.147,0.48975
264,Mura Masa,demon time,album,2022-09-16,https://i.scdn.co/image/ab67616d0000b273a620fd20b220c4bf513b40e5,56,0.23946,0.77173,0.596,0.00324,0.17723,-6.70227,0.15126,115.97927,0.64609
265,AG Club,Impostor Syndrome,album,2022-09-16,https://i.scdn.co/image/ab67616d0000b273c89a2be14bbf9ba8c125763a,46,0.36891,0.59023,0.53238,0.05741,0.15017,-9.94969,0.22284,117.17238,0.4465
266,Playboi Carti,Playboi Carti,album,2017-04-14,https://i.scdn.co/image/ab67616d0000b273e31a279d267f3b3d8912e6f1,82,0.1298,0.79153,0.60147,1e-05,0.26353,-6.09687,0.27779,136.53533,0.45973
267,Blood Orange,Four Songs,single,2022-09-16,https://i.scdn.co/image/ab67616d0000b2738cc5619fc149077a17d772ad,53,0.38362,0.66425,0.60025,0.50425,0.19875,-12.323,0.04072,118.9815,0.213
268,"Career Woman,Small Crush",Unfun / Sleep In,single,2022-08-17,https://i.scdn.co/image/ab67616d0000b273b4486ec3f08623f4285e7114,23,0.00172,0.4655,0.858,1e-05,0.0995,-5.114,0.0516,132.9785,0.3945
269,Rina Sawayama,Hold The Girl,album,2022-09-16,https://i.scdn.co/image/ab67616d0000b273104771507d9c63da11abb6dc,65,0.12408,0.46031,0.77008,0.00478,0.22058,-4.66223,0.05845,134.25123,0.30746
270,Trapo,Oil Change,album,2018-08-02,https://i.scdn.co/image/ab67616d0000b273cb9091fea57969fda26fdaed,40,0.70472,0.56383,0.64575,0.08363,0.1383,-9.40767,0.27688,104.45608,0.52025
271,Smino,blkswn,album,2017-03-14,https://i.scdn.co/image/ab67616d0000b2738be32b380765207f19d56435,67,0.56611,0.6505,0.50944,0.00387,0.24919,-8.63556,0.45511,99.49894,0.56444
272,42 Dugg,Free Dem Boyz,album,2021-05-21,https://i.scdn.co/image/ab67616d0000b2735cc589330e3596c853863484,72,0.08491,0.77211,0.60179,0.0,0.14956,-8.62732,0.29051,115.14121,0.50353
273,"Placeholder,Jail Socks",Placeholder // Jail Socks,single,2018-06-14,https://i.scdn.co/image/ab67616d0000b273579bec07efa8891e4a94123a,20,0.00112,0.38825,0.89675,0.0772,0.23913,-5.50225,0.04788,111.93625,0.51175
274,Freddie Gibbs,$oul $old $eparately,album,2022-09-30,https://i.scdn.co/image/ab67616d0000b2739f301e3a4d5f25d1888585b1,61,0.34746,0.68927,0.6744,1e-05,0.28435,-6.62107,0.35315,95.3832,0.53273
275,Father,Young Hot Ebony 2,album,2022-06-10,https://i.scdn.co/image/ab67616d0000b273576f1e749948576976f0c816,42,0.30835,0.73517,0.50942,0.00033,0.24025,-12.44517,0.25898,116.88683,0.51792
276,"Nicholas Craven,Boldy James",Fair Exchange No Robbery,album,2022-09-30,https://i.scdn.co/image/ab67616d0000b273519ddd92fb3b4e0707f299b5,46,0.6691,0.4742,0.64,0.00083,0.34796,-7.9098,0.2604,117.5093,0.6389
277,Ghais Guevara,There Will Be No Super-Slave,album,2022-07-16,https://i.scdn.co/image/ab67616d0000b273cc5a2be3bd81f71922127163,40,0.28971,0.49773,0.82133,0.00225,0.28117,-6.1534,0.21759,117.89833,0.39814
278,That Kid,Superstar,album,2022-09-22,https://i.scdn.co/image/ab67616d0000b273bcbd0a70cf1f2176f5105380,37,0.11201,0.53962,0.79477,0.02453,0.3675,-7.39485,0.21517,139.03115,0.53515
279,Venna,VENOLOGY,single,2021-09-03,https://i.scdn.co/image/ab67616d0000b273869d8bd0ab5bd8ab316f2e98,52,0.38297,0.62433,0.65717,0.20566,0.254,-7.88967,0.13808,110.98833,0.51617
280,Jeff Rosenstock,WORRY.,album,2016-10-14,https://i.scdn.co/image/ab67616d0000b273649a3a7d78c5ff15f2665e97,52,0.0931,0.38612,0.763,0.0,0.36688,-5.56919,0.06027,135.70175,0.44388
281,Alex Vaughn,The Hurtbook,album,2022-10-07,https://i.scdn.co/image/ab67616d0000b2737f956368229f2bb7d632387e,51,0.31238,0.65875,0.57137,2e-05,0.12194,-6.28437,0.15121,125.02712,0.393
282,"Quavo,Takeoff",Only Built For Infinity Links,album,2022-10-07,https://i.scdn.co/image/ab67616d0000b273ffe5b62233340cb6d453fc2f,77,0.13112,0.81111,0.57417,1e-05,0.20201,-6.95017,0.20966,140.40561,0.43741
283,serpentwithfeet,soil,album,2018-06-08,https://i.scdn.co/image/ab67616d0000b27301b9890d2cb2be3877fa7dae,33,0.59973,0.44755,0.44027,9e-05,0.13797,-9.46891,0.06608,104.63427,0.24082
284,Jean Dawson,CHAOS NOW*,album,2022-10-07,https://i.scdn.co/image/ab67616d0000b273d7ecc179dbc1ee9c57c97c26,55,0.1275,0.48575,0.74283,0.03225,0.24156,-5.19717,0.05582,131.4785,0.37333
285,ABRA,PRINCESS,single,2016-07-15,https://i.scdn.co/image/ab67616d0000b273445210241a384e02742ad71e,46,0.05234,0.713,0.51383,0.19359,0.08905,-8.89733,0.07715,130.27917,0.648
286,DDG,It's Not Me It's You,album,2022-09-30,https://i.scdn.co/image/ab67616d0000b27365b69c463162e0ce5e23e42b,60,0.28117,0.72109,0.51973,0.00023,0.19348,-8.38691,0.28565,115.67091,0.41385
287,The 1975,Being Funny In A Foreign Language,album,2022-10-14,https://i.scdn.co/image/ab67616d0000b2731f44db452a68e229650a302c,82,0.46813,0.58182,0.65527,0.10794,0.15675,-7.73618,0.04768,120.78691,0.67855
288,JON VINYL,PALISADE,single,2022-10-14,https://i.scdn.co/image/ab67616d0000b2739bda58644ed8e27deec627b4,49,0.6442,0.6798,0.4866,2e-05,0.1182,-7.4392,0.07722,118.9106,0.4252
289,Tove Lo,Dirt Femme,album,2022-10-14,https://i.scdn.co/image/ab67616d0000b273d5c0f77cf4c6ad252b9e082a,69,0.13957,0.66975,0.63442,0.06863,0.16683,-6.95925,0.05784,115.87833,0.39453
290,Sleeping With Sirens,"If you were a movie, this would be your soundtrack",single,2012-06-26,https://i.scdn.co/image/ab67616d0000b273667873398f8fc27e8da5a125,58,0.19442,0.5998,0.5662,0.0,0.165,-6.7826,0.03882,110.7042,0.383
291,Dua Saleh,ROSETTA,single,2020-06-12,https://i.scdn.co/image/ab67616d0000b273e750cb4ef38953085c7a580e,39,0.57433,0.4615,0.50267,0.0584,0.21452,-8.8135,0.08498,117.17367,0.39683
292,Tee Grizzley,Chapters Of The Trenches,album,2022-10-14,https://i.scdn.co/image/ab67616d0000b2737485d5be2f1fd99a22e46161,57,0.09895,0.81331,0.66938,1e-05,0.15119,-7.53692,0.27469,108.34354,0.43235
293,Lil Baby,It's Only Me,album,2022-10-14,https://i.scdn.co/image/ab67616d0000b27366b04b41fa6f8908dce86695,83,0.04179,0.69348,0.53287,1e-05,0.15046,-7.25583,0.29789,121.20922,0.24983
294,PawPaw Rod,A PawPaw Rod EP,single,2021-09-15,https://i.scdn.co/image/ab67616d0000b27361c31fe82c1a19407e9de7ee,53,0.19487,0.76875,0.5405,0.0016,0.10967,-7.65125,0.19773,165.09775,0.83275
295,Koffee,Rapture EP,single,2019-03-14,https://i.scdn.co/image/ab67616d0000b273dca1f17bc5ae38d946571386,63,0.13437,0.719,0.6868,0.0,0.1151,-7.1072,0.26098,108.3246,0.6312
296,Tems,For Broken Ears,album,2020-09-25,https://i.scdn.co/image/ab67616d0000b2730ab4d3e1c0b5c5e453287a4c,75,0.54014,0.61771,0.4224,8e-05,0.17463,-10.40457,0.31114,130.06157,0.54414
297,WILLOW,<COPINGMECHANISM>,album,2022-10-07,https://i.scdn.co/image/ab67616d0000b2731d13addda541bcf23ea27e0d,63,0.09232,0.498,0.75709,0.00729,0.22315,-11.12455,0.0706,145.661,0.62682
298,"Jeezy,DJ Drama",SNOFALL,album,2022-10-21,https://i.scdn.co/image/ab67616d0000b273ee5fb5d0e86ba14b23f19aa6,58,0.09107,0.65276,0.77365,0.0,0.48372,-4.71312,0.21826,115.32629,0.39195
299,MAVI,Let the Sun Talk,album,2019-10-18,https://i.scdn.co/image/ab67616d0000b273655aaf07642a3042adb4ae89,65,0.32621,0.44938,0.63577,0.05047,0.37492,-9.88477,0.27756,106.70108,0.47356
300,Montell Fish,Her Love Still Haunts Me Like a Ghost,album,2022-10-28,https://i.scdn.co/image/ab67616d0000b273f46e995aa84c6eb1080100a4,69,0.71329,0.53586,0.55657,0.0089,0.22714,-4.27943,0.08754,131.405,0.318
301,BabyTron,Bin Reaper 3: Old Testament,album,2022-10-28,https://i.scdn.co/image/ab67616d0000b273cb0d1b03b789499d1ef77d53,62,0.06883,0.6888,0.6522,0.0,0.35116,-8.1698,0.31233,121.49473,0.42324
302,Smino,Luv 4 Rent,album,2022-10-28,https://i.scdn.co/image/ab67616d0000b273d7bae4ad0b91f65e0dd910c8,70,0.48173,0.58487,0.57093,0.05862,0.28525,-8.638,0.22483,121.552,0.41333
303,Westside Gunn,10,album,2022-10-28,https://i.scdn.co/image/ab67616d0000b2731c08f68bdfd2f24e84acf7a2,58,0.31208,0.47875,0.69025,0.0,0.349,-6.12658,0.20703,105.0365,0.49642
304,Joyce Wrice,Motive,single,2022-10-07,https://i.scdn.co/image/ab67616d0000b27393e400cb18f8b33d7eab1c16,43,0.18944,0.6576,0.7442,3e-05,0.18436,-5.4598,0.14566,98.8176,0.624
305,dvsn,Working On My Karma,album,2022-10-28,https://i.scdn.co/image/ab67616d0000b273c4fd23032dae386e69124ac6,19,0.18747,0.65767,0.56892,0.0,0.19863,-5.9915,0.06703,117.56775,0.485
306,"piri,Tommy Villiers,piri & tommy",froge.mp3,album,2022-10-21,https://i.scdn.co/image/ab67616d0000b273bcf683bad9ca8297e76f2408,63,0.31599,0.69733,0.666,0.10924,0.14821,-8.12683,0.06882,125.01975,0.74175
307,JPEGMAFIA,All My Heroes Are Cornballs,album,2019-09-13,https://i.scdn.co/image/ab67616d0000b273c0f5083c53e881de8dec3d70,60,0.3718,0.553,0.70261,0.0297,0.30878,-5.73611,0.27288,116.04267,0.36503
308,"Drake,21 Savage",Her Loss,album,2022-11-04,https://i.scdn.co/image/ab67616d0000b27302854a7060fccc1a66a4b5ad,92,0.09534,0.69169,0.54212,3e-05,0.24673,-8.15825,0.24801,120.9485,0.29013
309,Junglepussy,Jp5000,single,2022-02-04,https://i.scdn.co/image/ab67616d0000b2738d6c2350e437886cafeea984,35,0.14726,0.533,0.7156,0.03739,0.3292,-7.2224,0.07014,127.8014,0.3192
310,The Backseat Lovers,Waiting to Spill,album,2022-10-28,https://i.scdn.co/image/ab67616d0000b27371bdd42995c7b1ee2951ca5d,66,0.32278,0.4724,0.3522,0.25605,0.17238,-11.3423,0.03513,101.3311,0.18288
311,"Jeff Rosenstock,Laura Stevenson",Younger Still,single,2022-11-03,https://i.scdn.co/image/ab67616d0000b2731750e930f27b8960f9698c07,28,0.20054,0.54925,0.47975,0.00015,0.28325,-9.76975,0.0319,143.46425,0.49525
312,Shygirl,Nymph,album,2022-09-30,https://i.scdn.co/image/ab67616d0000b273955f921014ed4cfca00a56a1,61,0.10958,0.69725,0.592,0.01375,0.18243,-8.4765,0.10408,118.51067,0.44415
313,Sybyr,Anti-World,album,2016-03-11,https://i.scdn.co/image/ab67616d0000b2737c462a47cca0a48912bdaf11,46,0.13943,0.72074,0.68916,0.08257,0.28996,-4.38426,0.19017,111.31247,0.25447
314,Carly Rae Jepsen,The Loneliest Time,album,2022-10-21,https://i.scdn.co/image/ab67616d0000b273820e6b8b6fe77bd0e455eb15,67,0.1795,0.70731,0.61862,0.02252,0.09548,-7.00325,0.06085,113.44644,0.58081
315,"Rihanna,Tems",Black Panther: Wakanda Forever - Music From and Inspired By,album,2022-11-11,https://i.scdn.co/image/ab67616d0000b273992a1f56ac5382848277cff2,79,0.33586,0.61005,0.54425,0.03644,0.11277,-7.82045,0.11715,123.39845,0.29432
316,Nick Hakim,COMETA,album,2022-10-21,https://i.scdn.co/image/ab67616d0000b273001f8cca411ebf74f7be0d18,45,0.31997,0.5665,0.6343,0.34918,0.2062,-7.013,0.04826,116.149,0.4145
317,Devon Again,PEE,single,2022-11-11,https://i.scdn.co/image/ab67616d0000b273138ed4c704dd3675e68f591d,38,0.29048,0.576,0.54483,0.00231,0.2817,-6.23717,0.0384,114.58483,0.42633
318,Lava La Rue,Hi-Fidelity,single,2022-07-29,https://i.scdn.co/image/ab67616d0000b2732861b511625fc0556e842f49,1,0.38242,0.7578,0.556,0.01937,0.11824,-9.4176,0.1256,88.2902,0.535
319,Ambré,3000° (ChopNotSlop),album,2022-11-11,https://i.scdn.co/image/ab67616d0000b27374124786d7d5ea5836118c6d,23,0.47849,0.6176,0.44887,0.00695,0.31486,-12.19413,0.22366,115.4114,0.48707
320,KIDZ,Mike Tyson Jab,album,2022-11-04,https://i.scdn.co/image/ab67616d0000b2736cc1f5e0bfb01d183471ca3f,45,0.50407,0.66164,0.57091,6e-05,0.20988,-7.22691,0.1552,110.65836,0.48445
321,Mercury,MERCTAPE,album,2021-08-18,https://i.scdn.co/image/ab67616d0000b2737761f69ca8ba69665deed90b,37,0.04819,0.834,0.505,0.01643,0.18894,-7.60514,0.2213,127.56986,0.42357
322,Roddy Ricch,Feed Tha Streets III,album,2022-11-18,https://i.scdn.co/image/ab67616d0000b273d513f31f1445121235424acb,67,0.07046,0.72087,0.5664,0.00172,0.17835,-8.28787,0.23946,122.5006,0.35875
323,6LACK,East Atlanta Love Letter,album,2018-09-14,https://i.scdn.co/image/ab67616d0000b273e1530b42603367fdb2208d88,72,0.53667,0.57036,0.414,0.00147,0.13403,-10.55143,0.19145,120.34271,0.23961
324,Doja Cat,Planet Her,album,2021-06-25,https://i.scdn.co/image/ab67616d0000b2734df3245f26298a1579ecc321,89,0.27784,0.7605,0.6315,0.003,0.14749,-5.70029,0.09891,123.658,0.54871
325,brakence,bugging!,single,2022-11-18,https://i.scdn.co/image/ab67616d0000b273c148a33ffe0b60d1762b6f37,37,0.311,0.5436,0.6028,0.0,0.20224,-7.4322,0.18424,113.6194,0.6972
326,Baka Not Nice,4Milli,album,2018-08-03,https://i.scdn.co/image/ab67616d0000b2736559159c8eb817a49f5d2ecb,6,0.04881,0.87938,0.38912,0.01409,0.1116,-8.0475,0.25219,125.091,0.27413
327,genny!,8 SONGS,album,2022-07-30,https://i.scdn.co/image/ab67616d0000b273d87c6426d9cd59c429c8fbfc,29,0.47874,0.42238,0.48337,0.21903,0.21826,-11.16825,0.12335,115.97825,0.4292
328,Knxwledge,1988,album,2020-03-27,https://i.scdn.co/image/ab67616d0000b27339d5d182e08f18df9ca86243,58,0.35114,0.5355,0.69436,0.2222,0.30443,-6.02627,0.20946,121.7005,0.68495
329,Weyes Blood,Titanic Rising,album,2019-04-05,https://i.scdn.co/image/ab67616d0000b2730c64e752dec4c08362cc4a88,66,0.6167,0.2879,0.3402,0.23552,0.1565,-11.7021,0.03217,108.7606,0.15513
330,Jail Socks,Coming Down,album,2021-09-03,https://i.scdn.co/image/ab67616d0000b273596a5e6ba39e80e4804b1816,27,0.07083,0.459,0.86464,0.00023,0.23405,-3.80191,0.05721,144.10536,0.43573
331,Clairo,Sling,album,2021-07-16,https://i.scdn.co/image/ab67616d0000b2732624442cf48e4962d1422da8,68,0.9005,0.48833,0.19169,0.08377,0.13645,-17.50433,0.03955,115.19733,0.3623
332,Tiny Meat Gang,Locals Only,album,2018-12-20,https://i.scdn.co/image/ab67616d0000b2733f77e79cb52cf07399b49921,44,0.18525,0.73613,0.71475,0.05689,0.26787,-6.00675,0.20984,123.6895,0.448
333,Tomberlin,i don’t know who needs to hear this...,album,2022-04-29,https://i.scdn.co/image/ab67616d0000b27399e2195ad69bb6ec8a5edd9b,39,0.7414,0.53736,0.27193,0.00641,0.19696,-14.71245,0.03733,121.39536,0.25614
334,Chloe Frances,Zulu Giant (String of Hearts),album,2021-02-14,https://i.scdn.co/image/ab67616d0000b27346babc80864114ed5ae7042a,31,0.51336,0.372,0.36318,0.3728,0.14827,-13.746,0.07795,112.99282,0.27132
335,Origami Angel,Somewhere City,album,2019-11-15,https://i.scdn.co/image/ab67616d0000b273c5547296da4279c0f3a93cc9,57,0.03745,0.5119,0.9254,5e-05,0.363,-3.7012,0.13031,131.4059,0.3269
336,boygenius,boygenius,single,2018-10-26,https://i.scdn.co/image/ab67616d0000b273aaf249e10efa3f8897df2697,69,0.52457,0.4645,0.3575,0.08647,0.15045,-9.571,0.02807,108.2585,0.21067
337,Metro Boomin,HEROES & VILLAINS,album,2022-12-02,https://i.scdn.co/image/ab67616d0000b273cdce39ecb633bea9ef7705a6,40,0.18886,0.66787,0.6298,0.00059,0.28502,-5.8602,0.16105,116.95747,0.28758
338,Palette Knife,Ponderosa Snake House & The Chamber Of Bullshit,album,2021-05-28,https://i.scdn.co/image/ab67616d0000b27329762efdde7dc0af5a01879d,24,0.09759,0.46464,0.797,0.0003,0.13456,-7.61455,0.05686,133.17164,0.466
339,Homixide Gang,Homixide Lifestyle,album,2022-11-22,https://i.scdn.co/image/ab67616d0000b2737ab60a4c49f7938f1d435a5f,68,0.06796,0.6435,0.68783,1e-05,0.2524,-6.37856,0.15189,138.64333,0.28169
340,100 gecs,Snake Eyes,single,2022-12-02,https://i.scdn.co/image/ab67616d0000b273baf1b4e7868c72e9a14b7fcc,52,0.13023,0.526,0.798,0.00527,0.2218,-2.73367,0.25443,159.86533,0.50167
341,Chris Patrick,X-Files,album,2022-08-10,https://i.scdn.co/image/ab67616d0000b2737e5e5b6a52938100103d48dc,44,0.50881,0.58707,0.54264,4e-05,0.13548,-7.90721,0.21927,117.24364,0.44636
342,SZA,SOS,album,2022-12-09,https://i.scdn.co/image/ab67616d0000b27370dbc9f47669d120ad874ec1,97,0.49595,0.59657,0.5407,0.01724,0.19503,-7.85439,0.10264,115.54943,0.45748
343,Pity Party (Girls Club),Hard Times / Bad Trips,album,2022-01-02,https://i.scdn.co/image/ab67616d0000b2736365f4a97a29922f5963e1c6,66,0.53565,0.52436,0.37745,0.17328,0.16834,-11.21718,0.0477,108.32627,0.31698
344,Emotional Oranges,The Juice: Vol. III,album,2022-12-09,https://i.scdn.co/image/ab67616d0000b273e449401758cfa5a7bbffc180,61,0.22149,0.71971,0.57543,0.11004,0.09221,-7.58257,0.07333,116.68729,0.61086
345,Icewear Vezzo,Paint the City (Gangsta Grillz),album,2022-12-08,https://i.scdn.co/image/ab67616d0000b273342636cb6e1e8ffffa2d4644,51,0.02374,0.7734,0.5628,0.0,0.24507,-7.82413,0.28413,139.82253,0.4683
346,✝✝✝ (Crosses),PERMANENT.RADIANT,single,2022-12-09,https://i.scdn.co/image/ab67616d0000b27347084ab5e453c9e85935d3ec,44,0.0385,0.54583,0.73133,0.2227,0.11908,-6.1855,0.05772,139.48383,0.21055
347,"Lil Baby,Gunna",Drip Harder,album,2018-10-05,https://i.scdn.co/image/ab67616d0000b273ce159a3ba2096e13fa9d4b4c,81,0.13225,0.74954,0.60208,2e-05,0.17417,-6.39715,0.26865,134.92646,0.44292
348,Próxima Parada,Kind Reminder,album,2019-09-27,https://i.scdn.co/image/ab67616d0000b273f53b1e3167f82ceab593d370,61,0.52317,0.6692,0.3881,0.0,0.11768,-11.3023,0.0431,106.4148,0.3882
349,"Young Thug,Carnage,Young Stoner Life",Young Martha,single,2017-09-22,https://i.scdn.co/image/ab67616d0000b273c9a1d225364ef0deb7155c18,36,0.2466,0.6175,0.64475,0.0,0.114,-6.5615,0.2181,123.221,0.49175
350,"Tyler, The Creator",Music Inspired by Illumination & Dr. Seuss' The Grinch,single,2018-11-16,https://i.scdn.co/image/ab67616d0000b27303280595fae8116501896327,51,0.26706,0.61233,0.42833,0.23728,0.1368,-9.52867,0.07545,114.92817,0.406
351,NIGHTMODE,NIGHT DRIVE,compilation,2022-12-16,https://i.scdn.co/image/ab67616d0000b273428cea2973d3bea45dcc98ae,28,0.22278,0.56722,0.77989,0.58634,0.17663,-7.12011,0.06418,141.66244,0.16113
352,Zack Fox,wood tip,single,2022-12-16,https://i.scdn.co/image/ab67616d0000b27386296f33a3d9e790358c68cd,47,0.23852,0.7795,0.60625,0.27785,0.0684,-8.54925,0.06918,94.239,0.6135
353,Ab-Soul,HERBERT,album,2022-12-16,https://i.scdn.co/image/ab67616d0000b273940300fd91d0e1ca28ad3dcf,61,0.23462,0.5765,0.67828,0.00132,0.33424,-7.26711,0.24132,105.91972,0.49644
354,SOB X RBE,SOB X RBE,album,2017-01-23,https://i.scdn.co/image/ab67616d0000b2732e7987f4ab4d207a1516cfbb,58,0.10341,0.69275,0.68467,0.0,0.18046,-5.68367,0.3822,155.962,0.5895
355,Ginger Root,Nisemono,single,2022-09-09,https://i.scdn.co/image/ab67616d0000b27336ae64999d6fe3add9976b82,46,0.36518,0.68783,0.86467,0.59583,0.14,-4.90983,0.0531,127.3185,0.72283
356,Duster,Stratosphere,album,1998-02-24,https://i.scdn.co/image/ab67616d0000b2732241587c8ce3d9051f4d4f74,76,0.51665,0.49438,0.50344,0.77538,0.14385,-11.38519,0.07077,116.22513,0.20716
357,G Jones,Illusory Tracks,single,2022-11-22,https://i.scdn.co/image/ab67616d0000b2738bfc38e20e7ebb263feb4100,33,0.01607,0.56083,0.80883,0.5084,0.19567,-5.541,0.08288,148.28067,0.27335
358,"Chance the Rapper,Jeremih",Merry Christmas Lil Mama: The Gift That Keeps On Giving,album,2020-12-23,https://i.scdn.co/image/ab67616d0000b273e007267bf6d83766ec933de9,38,0.3837,0.68035,0.40841,0.00121,0.15968,-9.42712,0.2488,121.31294,0.39759
359,Alvvays,Blue Rev,album,2022-10-07,https://i.scdn.co/image/ab67616d0000b2738f1ebf73130fc32aa3bf2b06,63,0.14291,0.31714,0.80571,0.24446,0.33195,-5.00621,0.06704,138.34543,0.306
360,Indigo De Souza,Any Shape You Take,album,2021-08-27,https://i.scdn.co/image/ab67616d0000b2738be26b6c162ff72ca4666ba6,52,0.11762,0.5562,0.4105,0.02761,0.1515,-10.2304,0.03346,125.1015,0.3401
361,Ghais Guevara,Job's Not Finished Pack,single,2022-12-27,https://i.scdn.co/image/ab67616d0000b2731f4b743495fee2aff6d5faff,28,0.31125,0.56025,0.82025,0.0,0.201,-6.7775,0.24923,104.831,0.629
362,grouptherapy.,Truth Be Told,album,2022-04-07,https://i.scdn.co/image/ab67616d0000b273f04fa5fd94ded3d30c444b01,41,0.18631,0.78929,0.59629,0.0017,0.12283,-6.28614,0.24924,135.75314,0.80429
363,Viagra Boys,Cave World,album,2022-07-08,https://i.scdn.co/image/ab67616d0000b273f77d64b0ee2dc42b32606faa,57,0.1352,0.53245,0.75845,0.11911,0.26179,-7.09764,0.11127,117.60218,0.57784
364,Clairo,Immunity,album,2019-08-02,https://i.scdn.co/image/ab67616d0000b27333ccb60f9b2785ef691b2fbc,78,0.46164,0.56582,0.47082,0.04491,0.122,-9.95245,0.0431,103.33618,0.48985
365,Noname,Room 25,album,2018-09-14,https://i.scdn.co/image/ab67616d0000b273f65df5cd2490bff182ddd2fd,57,0.644,0.63718,0.53964,0.05322,0.16654,-8.70691,0.20358,112.82009,0.58764
